timestamp,model,question_id,category,question,answer,response_time,generated_tokens,tokens_per_second,cpu_average,cpu_peak,ram_average_gb,ram_peak_gb,gpu_average,gpu_peak,vram_average_gb,vram_peak_gb,vram_total_gb
2026-08-19T18:04:58.906285,gemma3:4b,1,coding,Write a C++ program to find the second largest element in an array. Explain the logic and give time and space complexity.,"```cpp
#include <iostream>
#include <algorithm> // For std::sort (optional)

using namespace std;

int findSecondLargest(int arr[], int n) {
  // Input validation: Handle edge cases like empty or single-element array.
  if (n <= 1) {
    return -1; // Or throw an exception, or return some error value as appropriate.  No second largest exists in these scenarios.
  }

  int largest = arr[0];
  int secondLargest = -1; // Initialize to a default that won't be confused by the array elements

  for (int i = 1; i < n; ++i) {
    if (arr[i] > largest) {
      secondLargest = largest; // Previous largest becomes the new second largest.
      largest = arr[i];       // Current element is the new largest.
    } else if (arr[i] < largest && arr[i] > secondLargest) {  //Crucial: Check that it's *smaller* than largest and *larger* than secondLargest
      secondLargest = arr[i]; // This value becomes the new second largest.
    }
  }

  if (secondLargest == -1) {
     return -1; // Handle case where all elements are same, or array has only one distinct element
  }

  return secondLargest;
}


int main() {
  int arr[] = {10, 5, 8, 20, 15};
  int n = sizeof(arr) / sizeof(arr[0]);

  int secondLargestElement = findSecondLargest(arr, n);

  if (secondLargestElement != -1) {
    cout << ""The second largest element is: "" << secondLargestElement << endl;
  } else {
    cout << ""No second largest element exists."" << endl;
  }

  int arr2[] = {5, 5, 5, 5};
  n = sizeof(arr2) / sizeof(arr2[0]);
  secondLargestElement = findSecondLargest(arr2, n);
   if (secondLargestElement != -1) {
    cout << ""The second largest element is: "" << secondLargestElement << endl;
  } else {
    cout << ""No second largest element exists."" << endl;
  }

  int arr3[] = {1};
  n = sizeof(arr3)/sizeof(arr3[0]);
   secondLargestElement = findSecondLargest(arr3, n);
   if (secondLargestElement != -1) {
    cout << ""The second largest element is: "" << secondLargestElement << endl;
  } else {
    cout << ""No second largest element exists."" << endl;
  }

  return 0;
}
```

**Explanation of Logic:**

1. **Initialization:**
   - `largest`: Stores the largest element found so far. Initialized to `arr[0]`.
   - `secondLargest`: Stores the second largest element found so far. Initialized to `-1` . This initialization is important, because if there are no numbers smaller than largest,  secondLargest will be a meaningful value (like -1).

2. **Iteration:**
   - The code iterates through the array from index 1 to `n-1`. We start at index 1 because we already considered `arr[0]` as the initial largest.

3. **Comparison and Updates:**  Inside the loop, for each element `arr[i]`:
   - **Case 1: `arr[i] > largest`**: If the current element is greater than the current `largest`, it means we've found a new largest element. We update:
     - `secondLargest = largest;` (The previous largest becomes the second largest)
     - `largest = arr[i];` (The current element is now the largest)
   - **Case 2: `arr[i] < largest && arr[i] > secondLargest`**: If the current element is smaller than the current largest but larger than the current second largest, we have found a new second largest. We update:
     - `secondLargest = arr[i];`

4. **Handling Edge Cases:**
   - **`n <= 1`**:  If the array has zero or one elements, there's no second largest element; return -1 (or handle differently).
    - **`secondLargest == -1`**: If `secondLargest` is still `-1` after iterating through the entire array, it means all elements were equal.  Or only one distinct value exists (e.g., {5, 5, 5}). In this case there isn't a distinct second largest element so return -1.

**Time and Space Complexity:**

* **Time Complexity: O(n)**
   - The code iterates through the array once, making it a linear time algorithm.

* **Space Complexity: O(1)**
    - It uses only a few extra variables (`largest`, `secondLargest`) regardless of the size of the input array. Therefore, its space usage is constant, so the space complexity is O(1) (constant).

**Alternative Solution using Sorting (Less Efficient):**

You *could* sort the array and take the second-to-last element, but sorting has a time complexity of O(n log n), which is less efficient than this linear solution.  Here's an example:

```cpp
#include <iostream>
#include <algorithm>

using namespace std;

int findSecondLargestSort(int arr[], int n) {
    if (n <= 1) return -1; // Handle empty or single-element array

    sort(arr, arr + n);  // Sorts the array in ascending order
    return arr[n - 2]; // Second to last element is the second largest
}
```

**Why the linear solution is better:** The key advantage of the first approach (without sorting) is its O(n) time complexity, which is significantly faster than O(n log n) for large arrays. Sorting the entire array is unnecessary when you only need to find the second-largest element.
",42.5491,1358,53.64,48.65,81.0,15.15,15.33,53.05,90.0,2.89,3.9,6.0
2026-08-19T18:05:22.999378,gemma3:4b,2,coding,Write a C++ program to implement binary search and explain why its time complexity is O(log n).,"```cpp
#include <iostream>
#include <vector>
#include <algorithm> // For sorting (optional, but recommended for a clear example)

using namespace std;

// Function to perform binary search
int binarySearch(const vector<int>& arr, int target) {
  int left = 0;
  int right = arr.size() - 1;

  while (left <= right) {
    int mid = left + (right - left) / 2; // Calculate the middle index safely to avoid potential overflow
    if (arr[mid] == target) {
      return mid; // Target found, return its index
    } else if (arr[mid] < target) {
      left = mid + 1; // Search in the right half
    } else {
      right = mid - 1; // Search in the left half
    }
  }

  return -1; // Target not found
}


int main() {
  // Example array (sorted)
  vector<int> sortedArray = {2, 5, 7, 8, 11, 12};
  int targetValue = 13; // Value to search for

  // Perform binary search
  int index = binarySearch(sortedArray, targetValue);

  if (index != -1) {
    cout << ""Element "" << targetValue << "" found at index "" << index << endl;
  } else {
    cout << ""Element "" << targetValue << "" not found in the array"" << endl;
  }

  // Test cases with different targets
  targetValue = 8;
   index = binarySearch(sortedArray, targetValue);
   if (index != -1) {
        cout << ""Element "" << targetValue << "" found at index "" << index << endl;
    } else {
        cout << ""Element "" << targetValue << "" not found in the array"" << endl;
    }

  targetValue = 2;
   index = binarySearch(sortedArray, targetValue);
   if (index != -1) {
        cout << ""Element "" << targetValue << "" found at index "" << index << endl;
    } else {
        cout << ""Element "" << targetValue << "" not found in the array"" << endl;
    }


  return 0;
}
```

**Explanation:**

1. **Algorithm Overview:** Binary search is an efficient algorithm for finding a specific element within a *sorted* array. It works by repeatedly dividing the search interval in half.

2. **How it Works:**
   - We start with `left` pointing to the first index (0) and `right` pointing to the last index (`arr.size() - 1`) of the array.
   - In each iteration of the `while` loop:
     - Calculate the middle index `mid`:  `int mid = left + (right - left) / 2;`. This is crucial for avoiding potential integer overflow issues that could arise from simply calculating `(left + right) / 2` when `left` and `right` are very large.
     - Compare `arr[mid]` with the `target`:
       - If `arr[mid] == target`, we found the element, so return the index `mid`.
       - If `arr[mid] < target`, the target must be in the right half of the array (if it exists), so update `left = mid + 1` to search only the right part.
       - If `arr[mid] > target`, the target must be in the left half, so update `right = mid - 1`.

   - The loop continues until `left` becomes greater than `right`.  At this point, the element is not found in the array and we return `-1`.

3. **Time Complexity: O(log n)**
   - **Why Logarithmic?** Binary search dramatically reduces the size of the search space with each comparison.
     - In the first step, you divide the search range by 2. This means you're effectively eliminating half of the elements in the array.
     - With a sorted array of `n` elements, after one comparison, you have approximately `n/2` elements left to check.
     - After two comparisons, you have roughly `(n/2) / 2 = n/4` elements.
     - In general, after *k* comparisons, the remaining number of elements is `n / 2^k`.

   - **Logarithmic Growth:** The number of comparisons needed to find an element grows logarithmically with the size of the array (`n`).  Specifically, the number of steps (and therefore the time complexity) is proportional to log<sub>2</sub>(n).
     - Log base 2 is often used because it's very common for computer algorithms.

   - **Mathematical Proof:** The loop continues as long as `left <= right`. In each iteration:
      -  `right` is reduced by at least one, and in some cases, halved.
      -  Therefore, the maximum number of iterations required to reach a point where `left > right` is approximately `log_2(n)`.

**Important Note:** Binary search *only* works on *sorted* arrays. If the input array isn't sorted, you must sort it first (usually with an algorithm like quicksort or mergesort), which will add to the overall time complexity (sorting itself is typically O(n log n)).  The example code includes sorting for a clear demonstration, but a production implementation would likely use a pre-sorted data structure if possible.
",24.0298,1226,54.86,40.88,57.5,15.36,15.46,79.45,88.0,3.9,3.9,6.0
2026-08-19T18:05:40.872107,gemma3:4b,3,debugging,Find and explain the errors in this C++ code: int a=10; int b=0; cout << a/b;,"```cpp
int a = 10;
int b = 0;
cout << a / b;
```

**Error:** Division by Zero

**Explanation:**

The error in the code is division by zero. The line `cout << a / b;` attempts to divide the value of `a` (which is 10) by the value of `b` (which is 0).  In mathematics, division by zero is undefined and results in an error.

**C++'s Behavior:**

When you attempt this operation in C++, the behavior depends on the compiler and sometimes the operating system. Generally:

* **Runtime Error (Exception):** Most compilers will throw a runtime exception called `std::division_by_zero` or something similar, causing your program to crash abruptly.  This is the most common outcome when you explicitly divide by zero in C++.
* **Unpredictable Behavior (Undefined Behavior):** In some cases, particularly older compilers or systems without proper error handling, the result of the division might be undefined, leading to unpredictable and potentially harmful results.  The program could continue running but produce incorrect output or corrupt memory.

**How to Fix It:**

To correct this, you need to prevent `b` from being zero before performing the division. Here are a few ways to do that:

1. **Check the value of `b` and handle it:**
   ```cpp
   int a = 10;
   int b = 0;

   if (b != 0) {
       cout << a / b;
   } else {
       // Handle the error - e.g., print an error message, set 'a' to a default value, or exit gracefully
       cerr << ""Error: Division by zero!"" << endl; // cerr is for error messages
       // Or perhaps do something like this:
       // cout << ""Undefined result"" << endl;
   }
   ```

2. **Set `b` to a non-zero value:**  This is the simplest solution if it's appropriate within your program's logic.
   ```cpp
   int a = 10;
   int b = 5; // Change this to a value other than zero
   cout << a / b;
   ```

3. **Use `try-catch` blocks (more robust, especially for user input):**  This approach is preferred when you are dealing with user input where the values of `a` and `b` might be controlled by the user or from an external source.
    ```cpp
    int a = 10;
    int b = 0;

    try {
        cout << a / b;
    } catch (const std::exception& e) {
        cerr << ""Error: "" << e.what() << endl; // Print the error message from the exception
    }
   ```



**Important Considerations:**

* **Division by Zero is a Common Error:** It's crucial to always consider the possibility of division by zero when writing code, especially if you are working with user input or values that might change during execution.
* **Error Handling:**  Robust error handling (checking for conditions before performing operations) is essential for creating reliable software. `try-catch` blocks provide a mechanism to gracefully handle unexpected errors and prevent the program from crashing.

In summary, the original code produces a division by zero error because it attempts to divide a number (`a`) by zero (`b`), which is mathematically undefined and leads to a runtime error in C++.
",17.8069,758,55.21,40.86,75.5,15.44,15.53,67.26,100.0,3.9,3.9,6.0
2026-08-19T18:06:07.356723,gemma3:4b,4,debugging,Debug this C++ code for finding the maximum element: for(int i=0;i<n;i++){ if(arr[i]>max) max=arr[i]; } Explain what could be wrong and provide a corrected version.,"Okay, let's break down the debugging of this C++ code snippet and provide a corrected version.

**The Problem**

The provided code is intended to find the maximum element in an array `arr` of size `n`.  However, it has a subtle but crucial problem: It assumes that `max` is initialized *before* the loop begins. If `max` isn't initialized, it will contain garbage data (whatever happened to be in memory at that location), and the comparison `arr[i] > max` will produce unpredictable results – likely incorrect maximum values or even crashes depending on how the garbage value affects the comparison.

**Explanation of What Could Go Wrong**

1. **Uninitialized `max`:** The most common mistake is forgetting to initialize `max` before the loop starts.  In C++, if you declare a variable without assigning it a value, its initial state is undefined (it contains whatever happens to be in that memory location). Using an uninitialized `max` in comparisons will lead to inconsistent results.

2. **Missing Initialization of `arr`:** While not directly related to the loop itself, ensure your array `arr` has been properly initialized before the code runs. If it's uninitialized (containing random values), the comparison can be incorrect. This is often a side effect if you haven't declared and initialized an array within your code.

**Corrected Version with Initialization**

```cpp
#include <iostream> // For std::cout, std::endl
#include <algorithm> //For std::max (optional)

int main() {
  int n;
  std::cin >> n;

  int arr[n]; // Assuming you have an array of size 'n' (dynamic allocation preferred for larger arrays)

  // Initialize the array.  Example: Fill with zeros or a default value.
  for(int i = 0; i < n; ++i) {
    arr[i] = 0; // Or whatever initial value you need
  }

  int max = arr[0]; // Initialize 'max' to the first element of the array

  //The loop starts with arr[0] as the default for max. 
  for (int i = 0; i < n; ++i) {
    if (arr[i] > max) {
      max = arr[i];
    }
  }

   std::cout << ""Maximum element in the array: "" << max << std::endl;

  return 0;
}
```

**Explanation of Changes and Best Practices**

1. **Initialization of `max`:** The crucial fix is to initialize `max` with the *first* element of the array (`arr[0]`). This gives `max` a known starting value for comparison, preventing the use of garbage data.  This assumes that your array has at least one element (which is why we take `arr[0]` as the initial `max`).

2. **Array Initialization:** I've added an explicit loop to initialize all elements of the array to 0. This makes sure you are working with a known starting point, and prevents any unexpected behavior from uninitialized memory.

3. **Dynamic Allocation (Recommended for Larger Arrays):**  For larger arrays, it is strongly recommended to use dynamic allocation (`new int[n]`) instead of fixed-size arrays like `int arr[n]`. Dynamic allocation allows you to create the array at runtime based on the size specified by the user, avoiding potential stack overflow issues. You would then need to remember to deallocate memory using `delete[]` when the array is no longer needed.

4. **Use `std::max` (Alternative):**  For a more concise solution, you can use `std::max` from the `<algorithm>` header:

   ```cpp
   #include <iostream>
   #include <algorithm>

   int main() {
       // ... your array and n input ...
       int max = arr[0]; // Initialize with the first element
       for (int i = 1; i < n; ++i) {
           max = std::max(max, arr[i]);  // Use std::max to find the maximum
       }
       std::cout << ""Maximum element: "" << max << std::endl;
   }
   ```

**Important Considerations:**

* **Empty Array:**  The code above will likely crash if `n` is 0 (empty array) because you're trying to access `arr[0]`. You should add a check for an empty array at the beginning:
   ```cpp
   if (n == 0) {
       std::cout << ""Array is empty. Cannot find maximum."" << std::endl;
       return 0; // Or handle the empty case appropriately.
   }
   ```

* **Data Type:** Ensure that `int` is the appropriate data type for your array's elements.  If you are working with floating-point numbers, use `float` or `double`.

**How to Debug this Kind of Issue**

1. **Print Statements:** Add `std::cout` statements to print the values of `i`, `arr[i]`, and `max` inside the loop.  This will help you trace the execution and see what's happening at each step, particularly why `max` is not updating as expected.

2. **Debugger:** Use a debugger (GDB, Visual Studio Debugger, etc.) to step through the code line by line and inspect the values of variables in real-time. This provides much more detailed insight than just printing.

3. **Small Test Case:** Create a very small test case with a few elements to make debugging easier. This allows you to quickly identify if there's an issue before running on larger datasets.
",26.2852,1244,53.98,39.28,81.5,15.09,15.55,75.74,100.0,3.88,3.9,6.0
2026-08-19T18:06:23.578856,gemma3:4b,5,reasoning,Explain the difference between a stack and a queue using a real-world example and compare their basic operations.,"Okay, let's break down the differences between stacks and queues with a relatable real-world example and then compare their fundamental operations.

**Real-World Example: A Restaurant Order System**

Imagine you’re working as a cashier at a busy restaurant. You have two main ways to manage incoming orders:

* **Queue (FIFO - First In, First Out):** The kitchen staff takes orders from the *queue* of customers waiting to be served.  The first person who placed their order is the first one whose food gets prepared and delivered. This is how a line at a grocery store checkout works – the person who joined the line earliest is helped first.

* **Stack (LIFO - Last In, First Out):** The waiter uses a stack of napkins to manage drink refills.  When a customer finishes their drink, they put the last napkin used on top of the stack.  The *last* napkin added to the stack is the *first* one that gets taken off – because it’s the most recently used.


**Comparing Basic Operations:**

Now let's look at how these data structures work using those concepts:

| Feature           | Stack (LIFO - Last In, First Out) | Queue (FIFO - First In, First Out) |
|--------------------|-----------------------------------|----------------------------------|
| **Core Principle** | The last element added is the first one removed.  | The first element added is the first one removed.|
| **Basic Operations**|
| *Push*            | Adds an item to the *top* of the stack. (Like adding a napkin to the top of the stack) | N/A                         |
| *Pop*             | Removes and returns the item from the *top* of the stack. (Taking the topmost napkin) | N/A                        |
| *Peek/Top*        |  Examines the item at the *top* of the stack without removing it.   | N/A                         |
| *IsEmpty*         | Checks if the stack is empty.         | N/A                          |
| **Basic Operations** |
| *Enqueue*         | Adds an item to the *end* of the queue.  (Adding a name to the end of the line)    |                                  |
| *Dequeue*          | Removes and returns the item from the *front* of the queue. (The first person in line) |                                  |
| *Peek/Front*      | Examines the item at the *front* of the queue without removing it.|                                 |
| *IsEmpty*         | Checks if the queue is empty.          |                                  |



**Here’s a table summarizing the terminology:**

| Term        | Stack          | Queue          |
|-------------|-----------------|-----------------|
| Top         | The highest point | The front       |
| Bottom      |  The lowest point | The rear        |
| Add         | Push           | Enqueue        |
| Remove      | Pop            | Dequeue        |


**Key Differences Summarized:**

* **Order of Access:** Stacks are about going back to the most recently added element, while queues are about processing elements in the order they were received.
* **Use Cases:**  Stacks are good for tasks like:
    * Function call stacks (managing function calls)
    * Undo/Redo functionality in software
    * Parsing expressions
* **Queues are great for:**
   * Task scheduling
   * Handling network requests 
   * Print queues

Do you want me to delve deeper into any particular aspect of this, such as:

*   The underlying implementation (using arrays or linked lists)?
*   More complex operations?",16.0696,783,55.13,40.19,72.7,14.27,14.32,75.34,88.0,3.85,3.85,6.0
2026-08-19T18:06:44.916276,gemma3:4b,6,reasoning,Explain why merge sort has O(n log n) time complexity.,"Okay, let's break down why Merge Sort achieves a time complexity of O(n log n). It's a fundamental concept in understanding efficient sorting algorithms.

**1. The Divide and Conquer Strategy**

Merge Sort is based on the ""Divide and Conquer"" paradigm. This means it solves a problem by:
   - **Dividing:** Breaking the original list into smaller sublists, ideally each containing just one element (which are inherently sorted).
   - **Conquering:** Recursively sorting these smaller sublists.
   - **Combining** (Merging):  Merging the sorted sublists back together to create a single, fully sorted list.

**2. The Role of Merging - Where the Efficiency Comes From**

The *merging* step is the key to understanding the O(n log n) complexity. Let's analyze it:

* **Ideal Merge:** In an ideal merge (where you know nothing about the order of elements in the sublists), merging two sorted lists of sizes 'm' and 'n' can be done in O(m + n) time. This is because you effectively compare each element from both lists once to find its correct position in the merged list.

* **Merge Sort's Recursive Structure:**  However, Merge Sort does *not* just do a simple merge like that. It recursively divides the list until it gets to sublists of size 1 (which are already sorted). The recursion continues until each sublist is one element.

**3. Deriving the Complexity - The Key Math**

Let's consider how many levels of division occur:
* Level 0: Original list of 'n' elements
* Level 1: Divided into 2 lists, each of size n/2
* Level 2: Each list divided into 2, sizes n/4, n/4
* ...and so on...

After `log₂n` levels of division (because we're repeatedly halving the size), you'll have a number of sublists that is approximately 2^(log₂n) which equals n.  (This represents how many individual elements there are).

At each level, you perform a merge operation to combine the sorted sublists into larger sorted lists. Let’s say at level 'k', you are merging '2^k' sublists of size roughly `n / (2^k)`. The merge operation for these combines takes O(2^k + 2^k) = O(2 * 2^k)  = O(2^(k+1)).

The total time complexity is the sum of the merging operations at all levels:
   O(1) + O(2) + O(4) + O(8) + ... + O(n) = O(n log n)

**Why Logarithmic, Not Linear?**

* **Logarithmic Growth:** The `log₂n` term is what makes the complexity logarithmic. It's *not* linear because you're not simply adding 'n' at each step.  The size of the problem (the number of elements to be sorted) is halved with each division, leading to a much slower increase in operations compared to a linear algorithm (which would add roughly 'n' operations per level).

**4. Big O Notation - Ignoring Constants**

Big O notation focuses on the *growth rate* of an algorithm as the input size gets very large. It ignores constant factors and lower-order terms.  Therefore, we say Merge Sort is O(n log n) because it accurately describes its performance regardless of any specific details like the number of comparisons actually made during merging.

**In summary:**

Merge sort's `O(n log n)` time complexity arises from:
* Dividing the problem into smaller subproblems.
* Recursively sorting those subproblems.
* The *efficient* merging process that combines sorted sublists in O(n) time, repeated logarithmically based on the number of subproblems (log n).

**Resources for further learning:**

* **Khan Academy - Merge Sort:** [https://www.khanacademy.org/computing/algorithms/sorting-algorithms](https://www.khanacademy.org/computing/algorithms/sorting-algorithms)
* **GeeksforGeeks - Merge Sort:** [https://www.geeksforgeeks.org/merge-sort/](https://www.geeksforgeeks.org/merge-sort/)


Do you want me to delve into any specific aspect of this explanation, such as:

*   A more detailed example with a small list?
*   How Merge Sort compares to other sorting algorithms like Bubble Sort or Insertion Sort?",21.2392,984,54.74,40.34,90.6,14.54,14.68,71.81,89.0,3.86,3.88,6.0
2026-08-19T18:07:03.174926,gemma3:4b,7,reasoning,Compare BFS and DFS and explain when each algorithm should be preferred.,"Okay, let's break down Breadth-First Search (BFS) and Depth-First Search (DFS), comparing their characteristics and outlining when to use each.

**1. Breadth-First Search (BFS)**

* **How it Works:** BFS explores a graph or tree level by level. It starts at the root node and visits all its immediate neighbors before moving on to the next level of neighbors.  It uses a queue to manage the nodes to be visited.
* **Data Structure Used:** Queue
* **Key Characteristics:**
    * **Guaranteed Shortest Path (in unweighted graphs):** If you're looking for the shortest path between two nodes in an *unweighted* graph, BFS will find it. It explores all neighbors at the current level before going deeper.
    * **Systematic Exploration:** Explores outwards from the starting point.
    * **Memory Intensive (potentially):**  Can use more memory than DFS because it needs to store all nodes at a given level in the queue simultaneously. 
* **Example Scenario:** Imagine searching for the shortest route between cities on a map where each road has no distance associated with it. BFS is ideal here.


**2. Depth-First Search (DFS)**

* **How it Works:** DFS explores as far as possible along each branch before backtracking. It starts at the root node and goes down one branch until it hits a dead end or needs to backtrack.  It uses a stack (implicitly through recursion) or an explicit stack data structure.
* **Data Structure Used:** Stack (or Recursion)
* **Key Characteristics:**
    * **Doesn’t Guarantee Shortest Path:** DFS doesn't necessarily find the shortest path in an unweighted graph.
    * **Efficient Memory Usage (typically):** Generally uses less memory than BFS because it only needs to store the nodes on a single branch being explored at any given time.
    * **Good for finding *any* path:**  If you simply need to determine if there's *a* path between two nodes, DFS can be faster.
* **Example Scenario:** Finding all possible routes through a maze or determining if a graph contains a cycle.


**Here’s a table summarizing the key differences:**

| Feature           | BFS                        | DFS                         |
|--------------------|-----------------------------|------------------------------|
| Exploration Order | Level by level               | Depth-first (branching out) |
| Data Structure    | Queue                       | Stack or Recursion         |
| Shortest Path     | Guaranteed (unweighted graphs)| Not guaranteed                |
| Memory Usage       | Potentially higher          | Typically lower              |
| Use Cases           | Shortest path, level order traversal | Cycle detection, maze solving, topological sorting |



**When to Prefer Each Algorithm:**

* **Choose BFS when:**
    * **You need the shortest path in an unweighted graph.**  This is its primary advantage.
    * **Exploring a tree or graph systematically from the root.** Level-order traversal (where you visit nodes level by level) is best achieved with BFS.
    * **The problem requires searching outwards and exploring all immediate neighbors first.**

* **Choose DFS when:**
    * **You're looking for *any* path between two nodes, not necessarily the shortest.**
    * **Memory usage is a significant constraint.**  DFS often uses less memory, especially in large graphs.
    * **You need to detect cycles in a graph.** (DFS can easily identify loops).
    * **The problem involves exploring all possible combinations or branches of a solution space.**  (e.g., solving a maze by trying every path until you find the exit)



**Important Note on Weighted Graphs:**

If your graph has weighted edges, BFS *cannot* guarantee finding the shortest path. You'd need to use algorithms like Dijkstra’s algorithm (which uses a priority queue – similar in spirit to BFS but incorporates edge weights).

---

Do you want me to:

*   Provide a code example of each algorithm in Python?
*   Go into more detail about specific scenarios where one might be favored over the other?
*   Explain how DFS is implemented using recursion?",18.1602,881,54.91,38.43,100.0,14.65,14.82,75.05,98.0,3.88,3.88,6.0
2026-08-19T18:07:25.275998,gemma3:4b,8,technical,Explain what a process and a thread are and compare their memory usage and execution.,"Okay, let's break down processes and threads, and then dive into a comparison of their memory usage and execution characteristics.

**1. Processes:**

* **Definition:** A process is an independent instance of a program that's actively running on a computer system. Think of it as a self-contained container with its own resources.
* **Resources:** Each process gets allocated a significant amount of system resources, including:
    * **Memory Space:** Its own dedicated region of RAM (data and code).
    * **File Handles:** Access to specific files and devices.
    * **Security Context:** User ID, permissions, etc., which govern what the program can do.
    * **Process Control Block (PCB):**  A data structure maintained by the operating system that holds all of this information about the process – its state, priority, memory allocation, etc.
* **Isolation:** Processes are isolated from each other. If one process crashes, it typically doesn’t affect other processes running on the system. This is a key element of stability and security. 

**2. Threads:**

* **Definition:** A thread (sometimes called a lightweight process) is a unit of execution *within* a process.  A single process can contain multiple threads that run concurrently.
* **Sharing:** Threads within the same process share most resources:
    * **Code Segment:** They execute the same program code.
    * **Data Segment:** They share global variables and data structures (though mechanisms exist for threads to have private data). 
    * **Heap:** Memory allocated during runtime is often shared.
* **Independent Execution:** Despite sharing some resources, each thread has its own:
   * **Stack:** Used for function calls and local variables within the thread.
   * **Registers:**  Temporary storage locations used by the CPU to execute instructions. 

**Comparison Table: Processes vs. Threads**

| Feature          | Process                 | Thread                  |
|------------------|-------------------------|--------------------------|
| **Definition**     | Independent program instance | Unit of execution within a process |
| **Resource Usage** | High                     | Low                      |
| **Isolation**       | Strong                   | Weak (within the process)  |
| **Memory**         | Separate memory space    | Shares memory with other threads in the same process|
| **Context Switching**| Slower                    | Faster                  |
| **Communication** | Complex (inter-process communication - IPC)| Simpler (shared memory) |



**Memory Usage:**

* **Processes:** Because each process has its own dedicated memory space, processes consume a *lot* of memory. The memory overhead can be significant because the OS must manage entirely separate address spaces for each instance of a program.
* **Threads:** Threads are much more memory-efficient than processes. Since threads share the same address space, they only need to allocate their own stack and registers – considerably less memory than a whole process.  This is why you can often run many threads in a single application without exhausting system RAM.

**Execution (Speed & Context Switching):**

* **Processes:**
   * **Context switching between processes** is relatively slow because it involves: 
      1. Saving the state of the current process (its registers, stack pointer, etc.) to its PCB.
      2. Loading the state of the next process from its PCB into CPU registers.
      3.  The OS must switch kernel mode/user mode during this transition. This is a costly operation.
* **Threads:**
   * **Context switching between threads within the *same* process** is much faster. Because they share memory, the OS just needs to save and restore the thread's stack pointer, registers, and other thread-specific information. There’s no need for a full kernel mode/user mode switch – it's a much quicker operation.  This leads to better concurrency within a single application.

**Example Scenario:**

Imagine you are writing an image editing program:

* **Processes:** You could have one process for the image display and another for your brush tool. They would be completely independent.
* **Threads:** The same image editor application could use multiple threads – one to handle user input, one to render the image on screen, and possibly others for applying filters or effects. All these threads work within the bounds of the single image editing process.

**In Summary:**

* Use processes when you need strong isolation between different applications or components.
* Use threads when you need concurrency *within* a single application, where sharing resources efficiently is more important than strict isolation.


Do you want me to delve into any specific aspect in greater detail, such as:

*   Inter-Process Communication (IPC)?
*   Thread Synchronization (Mutexes, Semaphores)?
*   The relationship between processes and threads with multi-core processors?",21.8533,1019,54.85,41.06,71.2,14.71,14.79,73.49,88.0,3.88,3.88,6.0
2026-08-19T18:07:57.883273,gemma3:4b,9,technical,"Explain normalization in DBMS and describe 1NF, 2NF and 3NF with examples.","## Normalization in DBMS

Normalization in Database Management Systems (DBMS) is the process of organizing data to reduce redundancy (repetition) and improve data integrity. It’s based on a set of rules called ""normal forms"" that guide how tables are structured. The goal is to minimize data duplication, which leads to:

* **Reduced Storage Space:** Less redundant information means your database requires less storage.
* **Improved Data Integrity:**  Changes only need to be made in one place, preventing inconsistencies across the database. If a piece of data changes, you don't have to update it in multiple tables.
* **Simplified Updates & Queries:** Easier and more efficient querying due to well-structured relationships.


## Normal Forms (1NF, 2NF, 3NF)

Normal forms are levels of standardization applied to relational databases.  Each higher normal form builds upon the previous one. Let's break down each:

**1. First Normal Form (1NF)**

* **Rule:** A table is in 1NF if it meets these conditions:
    * **Atomic Values:** Each cell contains only a single, indivisible value – no repeating groups of values within a cell.  This means no lists or multiple values in one field.
    * **Unique Keys:** The table must have a primary key (or a set of attributes that uniquely identifies each row).

* **Example (Not in 1NF):**

   Let’s say we have a `Students` table designed to store student information, but poorly:

   | StudentID | Name    | Courses      |
   |-----------|---------|--------------|
   | 123       | Alice   | Math, Science  |
   | 456       | Bob     | Physics       |
   | 789       | Charlie | Math, English, History |



   This table is *not* in 1NF because the `Courses` column contains multiple values separated by commas.  It's not an atomic value.

* **Solution (In 1NF):** We need to break this down into two tables:


    * **Students Table:**
       | StudentID | Name     |
       |-----------|----------|
       | 123       | Alice    |
       | 456       | Bob      |
       | 789       | Charlie  |

    * **StudentCourses Table:**
       | StudentID | Course     |
       |-----------|------------|
       | 123       | Math       |
       | 123       | Science    |
       | 456       | Physics    |
       | 789       | Math       |
       | 789       | English    |
       | 789       | History    |



**2. Second Normal Form (2NF)**

* **Rule:** A table is in 2NF if it’s already in 1NF *and* every non-key attribute depends on the *entire* primary key, not just part of it.  This applies only when a primary key consists of multiple attributes (a composite key).

* **Example (Not in 2NF):**
    Let's consider this `OrderItems` table, which stores information about items within orders:

   | OrderID | ProductID | ProductName | Quantity | Price |
   |---------|-----------|-------------|----------|-------|
   | 1       | P1        | Laptop      | 1        | 1200  |
   | 1       | P2        | Mouse       | 2        | 25    |
   | 2       | P3        | Keyboard    | 1        | 75    |



    Here, the primary key is a composite key of (OrderID, ProductID).  However, `ProductName` *only* depends on `ProductID`. It doesn't depend on both `OrderID` and `ProductID` together.

* **Solution (In 2NF):** We need to create a separate table for product information:

    * **OrderItems Table:**
       | OrderID | ProductID | Quantity | Price |
       |---------|-----------|----------|-------|
       | 1       | P1        | 1        | 1200  |
       | 1       | P2        | 2        | 25    |
       | 2       | P3        | 1        | 75    |

    * **Products Table:**
       | ProductID | ProductName |
       |-----------|-------------|
       | P1        | Laptop      |
       | P2        | Mouse       |
       | P3        | Keyboard    |



**3. Third Normal Form (3NF)**

* **Rule:** A table is in 3NF if it’s already in 2NF *and* no non-key attribute depends on a non-key attribute. This removes transitive dependencies. In simpler terms, all non-key attributes should be directly dependent on the primary key.

* **Example (Not in 3NF):**
    Let's consider this `Employees` table:

   | EmployeeID | Name     | DepartmentID | DepartmentName | Salary |
   |------------|----------|--------------|----------------|--------|
   | E1         | John     | D1           | Sales          | 60000  |
   | E2         | Jane     | D1           | Sales          | 70000  |
   | E3         | David    | D2           | Marketing      | 55000  |



   Here, `DepartmentName` depends on `DepartmentID`, which is a key attribute. However, `Salary` could depend on `DepartmentName`. It's better for salary to depend directly on the `EmployeeID` (or the primary key).

* **Solution (In 3NF):** We need to create a separate table for departments:

    * **Employees Table:**
       | EmployeeID | Name     | DepartmentID | Salary |
       |------------|----------|--------------|--------|
       | E1         | John     | D1           | 60000  |
       | E2         | Jane     | D1           | 70000  |
       | E3         | David    | D2           | 55000  |

    * **Departments Table:**
       | DepartmentID | DepartmentName |
       |--------------|----------------|
       | D1           | Sales          |
       | D2           | Marketing      |



## Key Takeaways:

* Normalization is a systematic process. You start with 1NF and progress to higher forms as needed.
* Each normal form addresses specific issues related to data redundancy and integrity.
* The goal isn’t always to get *all* tables into the highest normal form, but to achieve an appropriate level of normalization based on your application's needs and requirements.  Sometimes, denormalization (deliberately introducing some redundancy) is done for performance reasons in specific scenarios – this should be carefully considered.

Do you want me to elaborate on any aspect of normalization, such as:

* Different Normal Forms beyond 3NF (BCNF, 4NF, 5NF)?
* Denormalization?
* Specific examples related to a particular database scenario?",32.3469,1600,54.15,40.03,100.0,14.92,14.95,79.35,92.0,3.88,3.88,6.0
2026-08-19T18:08:16.891887,gemma3:4b,10,technical,Explain TCP three-way handshake and why it is required.,"Okay, let's break down the TCP three-way handshake and why it’s absolutely crucial for reliable data transmission over the internet.

**What is the Three-Way Handshake?**

The TCP (Transmission Control Protocol) three-way handshake is a process that establishes a connection between a client (e.g., your web browser) and a server (e.g., the website's server) before any actual data transfer begins. It’s like making sure both parties are ready for a conversation before you start talking.  It happens in three steps:

1. **SYN (Synchronize):** The client initiates the connection by sending a TCP packet with a ""synchronize"" flag set to 1. This packet includes a random sequence number (let’s call it *client_seq*). Think of this as the client saying, “Hey server, I want to talk! Here's my starting point.”

2. **SYN-ACK (Synchronize-Acknowledge):** The server receives the SYN packet and responds with a TCP packet that sets its own ""synchronize"" flag to 1 *and* acknowledges the client’s sequence number.  It also includes a random sequence number for itself (*server_seq*). This is like the server saying, “Okay client, I hear you! I'm ready too. Here's my starting point.”

3. **ACK (Acknowledge):** The client receives the SYN-ACK packet and sends back an ACK packet confirming that it received the server’s sequence number (*server_seq*). This completes the handshake, establishing the connection.  This is like the client saying, “Got it, server! We're both good to go!”



**Here’s a visual representation:**

```
Client         Server
-------        ------
SYN (client_seq) -> SYN-ACK (server_seq)
ACK (server_seq)   -------->
```


**Why is the Three-Way Handshake Required?**

The three-way handshake isn't just a formality; it’s fundamental to TCP's reliability.  Here’s why it's so important:

* **Synchronization of Sequence Numbers:** The sequence numbers are crucial for reliable data transfer. They allow both the client and server to track where each piece of data is in the stream. Without these numbers, there'd be no way to reconstruct messages if they got corrupted or lost during transmission.  Each packet gets assigned a number, and that number dictates the order they’re received.

* **Confirmation of Connection Establishment:** The handshake verifies that both the client and server are actually willing and able to communicate. It ensures that:
    * **The Server is Listening:** The server acknowledges the connection request.
    * **The Client is Reachable:**  The client receives the server's response.

* **Preventing ""Half-Open"" Connections:** Without the handshake, a client could send data to an unresponsive server, leading to a ""half-open"" connection where the server isn’t even aware of the incoming data. The handshake prevents this by ensuring that both sides are actively participating in the exchange.

* **Reliable Data Transmission (Overall):**  TCP is built on the assumption of reliable delivery – meaning packets arrive in order and without errors. The handshake lays the groundwork for mechanisms like:
    * **Acknowledgement:** The receiver sends acknowledgements (ACKs) back to the sender, confirming that it received the data correctly.
    * **Retransmission:** If a packet is lost or corrupted, the sender detects this lack of acknowledgement and automatically retransmits the data.



**In essence, the three-way handshake guarantees that both ends of the connection are aware of each other, have agreed to transmit and receive data in a synchronized manner, and have established a framework for reliable communication.**

---

Do you want me to delve deeper into any specific aspect of the three-way handshake, such as:

*   The role of TCP sequence numbers?
*   How TCP handles error detection and retransmission?
*   How it differs from UDP (User Datagram Protocol)?",18.9703,865,55.51,40.32,84.2,14.78,14.95,70.99,90.0,3.87,3.87,6.0
